ID,First Name,Last Name,Email
1,Cyndie,Boddam,cboddam0@tumblr.com
2,Percival,Yanez,pyanez1@freewebs.com
3,Urban,Searchwell,usearchwell2@shareasale.com
4,Elwood,Chalk,echalk3@ucoz.ru
5,Andonis,Trazzi,atrazzi4@miitbeian.gov.cn
6,Eula,Little,elittle5@hatena.ne.jp
7,Ingram,Cornely,icornely6@live.com
8,Audra,Paolo,apaolo7@over-blog.com
9,Amalita,Skirling,askirling8@ovh.net
10,Marianna,Niccolls,mniccolls9@bizjournals.com