Id,First Name,Last Name, Email
3,Charmain,Crush,ccrush2@mac.com
4,Peggy,Wringe,pwringe3@ftc.gov
5,Arte,McPherson,amcpherson4@yale.edu
6,Dulciana,Bust,dbust5@ifeng.com
7,Greer,Ewbank,gewbank6@hugedomains.com
8,Loydie,Wolfer,lwolfer7@last.fm
9,Klemens,Rojel,krojel8@arstechnica.com
10,Clem,Scotchmoor,cscotchmoor9@oakley.com
11,Clema,Scotchmoor,cscotchmoor9@oakley.com
12,Clemas,Scotchmoor,cscotchmoor9@oakley.com
Created at Tue Jan 30 14:30:19 EET 2024